outcome,team,r.squared,beatingBaseline
eviction,ADSgrp5,1.2158385409577477e-11,FALSE
eviction,aemack,0.0319452655480964,TRUE
eviction,agalle,-0.06261104330949618,FALSE
eviction,alexlibby,-0.17704607874282652,FALSE
eviction,alhajri,-0.007914022526921638,FALSE
eviction,Alpaca_CultureAsAWoolkit,8.879515999193899e-5,FALSE
eviction,amaatouq,0.0365502021987647,TRUE
eviction,amagann,1.2158385409577477e-11,FALSE
eviction,amcz,1.2158385409577477e-11,FALSE
eviction,amorgan,-0.193393940947588,FALSE
eviction,amusse,-0.10380765606549502,FALSE
eviction,Anahit_Sargsyan,-512.1593946074629,FALSE
eviction,andrewor,0.00972632710868726,TRUE
eviction,annafil,0,FALSE
eviction,aprilfeifei,-0.06261104330949618,FALSE
eviction,au324,-0.012182944943275986,FALSE
eviction,aurora1994,-0.06261104330949618,FALSE
eviction,aycai,-0.06261104330949618,FALSE
eviction,azizkag,-0.8146127047285243,FALSE
eviction,bertalan,-0.06261104330949618,FALSE
eviction,bjgoode,0.010702259250866542,TRUE
eviction,bleizman,-0.06261104330949618,FALSE
eviction,bnigdeli,-1.3075096561010469e-11,FALSE
eviction,brjohns,1.2158385409577477e-11,FALSE
eviction,Bumblebee2023,0.022430514415368363,TRUE
eviction,bz247,-0.1280024921285421,FALSE
eviction,carnegien,0.015435194786158735,TRUE
eviction,ccgilroy,0,FALSE
eviction,chicacvr,0,FALSE
eviction,chris,1.2158385409577477e-11,FALSE
eviction,cjqian,0.007559070059443784,TRUE
eviction,cnstahl,-0.9453956023666161,FALSE
eviction,datascience,0,FALSE
eviction,davidj,-0.06261104330949618,FALSE
eviction,ddmmgg,-0.004598870544784361,FALSE
eviction,devanshg,-0.04626318110473471,FALSE
eviction,dkozuch,-0.20974180315234947,FALSE
eviction,dliu18,8.881784197001252e-16,FALSE
eviction,dremalt,0.033006863153316024,TRUE
eviction,drigobon,0.019124292072278504,TRUE
eviction,DS,-3.774867096566492e-4,FALSE
eviction,eaman,8.881784197001252e-16,FALSE
eviction,ec,0.007572319239863012,TRUE
eviction,echiou,0,FALSE
eviction,edz,0,FALSE
eviction,ehk02004,9.46299583719945e-4,TRUE
eviction,ekaban15,-1.3075096561010469e-11,FALSE
eviction,err,1.2158385409577477e-11,FALSE
eviction,ETsurkov,0.03726516422354198,TRUE
eviction,FormidableFamily,0.01735364484984181,TRUE
eviction,fperraudeau,0.013699263057821764,TRUE
eviction,fw,0.005945553858797137,TRUE
eviction,ggundersen,-0.06261104330949618,FALSE
eviction,ghe,-1.1906135354380383,FALSE
eviction,greg.faletto,1.2158385409577477e-11,FALSE
eviction,gregversteeg,-0.1280024921285421,FALSE
eviction,gsharma298,-5.063779280368789,FALSE
eviction,gturunc16,1.2158385409577477e-11,FALSE
eviction,gulnihaltuzun,-1.3075096561010469e-11,FALSE
eviction,gwaldrop,8.881784197001252e-16,FALSE
eviction,haixiaow,-0.04138633948756487,FALSE
eviction,hamidrezaomidvar,0.040918849896224074,TRUE
eviction,hchai,-8.318281456714043,FALSE
eviction,hesohn,-1.3075096561010469e-11,FALSE
eviction,hinthornw,8.881784197001252e-16,FALSE
eviction,hty,-0.07961282000244818,FALSE
eviction,ihorwitz,0.00260446325527941,TRUE
eviction,is2548_is,0,FALSE
eviction,IU_Sociology,0,FALSE
eviction,jeremyfreese,0.03354026405251864,TRUE
eviction,jeremykanter,1.2158385409577477e-11,FALSE
eviction,jgagne,0.026569093950912004,TRUE
eviction,jlhillny,0.022407646418159288,TRUE
eviction,jmels13,-1.3075096561010469e-11,FALSE
eviction,jnchen,-0.006551031752686454,FALSE
eviction,joshua_becker_upenn,1.2158385409577477e-11,FALSE
eviction,joshua800,-67.93893491747916,FALSE
eviction,Justajwu,0.04414562270098488,TRUE
eviction,jzrf,0.02129017276747114,TRUE
eviction,KAG,-0.07220298115582846,FALSE
eviction,kapoor,8.881784197001252e-16,FALSE
eviction,karenfeng,-4.964180893840542e-4,FALSE
eviction,karipuf,8.881784197001252e-16,FALSE
eviction,katamg,0.00784301489795769,TRUE
eviction,Katy_P,0.005321796460445727,TRUE
eviction,kgenova,0.03921119865513634,TRUE
eviction,khiguera,0,FALSE
eviction,kivan,-0.15809317689667823,FALSE
eviction,kouyang,0.049127148635069284,TRUE
eviction,largyle,0.007189935378626777,TRUE
eviction,lazs,-0.06261104330949618,FALSE
eviction,lbb285,0.02458723762707682,TRUE
eviction,lennyc,1.5748114255342838e-4,TRUE
eviction,lkermode,-4.413298824821746,FALSE
eviction,LouisR,-0.06261104330949618,FALSE
eviction,lpschnab,1.2158385409577477e-11,FALSE
eviction,mackl,-0.06261104330949618,FALSE
eviction,malte,0.03208951802377147,TRUE
eviction,mannyg,0,FALSE
eviction,maria_yr,1.2158385409577477e-11,FALSE
eviction,mb298,0.03931466100276937,TRUE
eviction,mdb,0,FALSE
eviction,mdrc,0.05472253348418721,TRUE
eviction,mkapoor,-0.04528230937244904,FALSE
eviction,mloyola,1.2158385409577477e-11,FALSE
eviction,mogwai,1.2158385409577477e-11,FALSE
eviction,mollylewis,1.2158385409577477e-11,FALSE
eviction,mrytting,-0.22608966535711095,FALSE
eviction,mwhuhn,0,FALSE
eviction,myeomans,0.005651938239839449,TRUE
eviction,NaijiaLiu,0.04091884991815886,TRUE
eviction,neamah,-0.07895890551425766,FALSE
eviction,nmandell,0.0397940820384417,TRUE
eviction,nperina,-12.726837116120528,FALSE
eviction,ovarol,-0.06261104330949618,FALSE
eviction,Pentlandians,0.029555491926814503,TRUE
eviction,phoebs,1.2158385409577477e-11,FALSE
eviction,pkrafft,0.00245056051613024,TRUE
eviction,ppz,-1.5829622283523137,FALSE
eviction,prakhar,1.2158385409577477e-11,FALSE
eviction,pups33,-0.01158796453654265,FALSE
eviction,rbamos,-14.0236853661758,FALSE
eviction,rcompton,-0.1280024921285421,FALSE
eviction,red_potato85,-0.11946839516579333,FALSE
eviction,rfjz,0.02129017276747114,TRUE
eviction,rtodd,1.2158385409577477e-11,FALSE
eviction,ruoyangp,0.005884072315022859,TRUE
eviction,ryanh,8.881784197001252e-16,FALSE
eviction,ryanjgallag,-0.060452328977664394,FALSE
eviction,samantha_malte,0.02400810458243252,TRUE
eviction,sender,-0.06261104330949618,FALSE
eviction,shashim,-4.168128064918619e-10,FALSE
eviction,shausen,0.025756273486529313,TRUE
eviction,siemann,-0.06261104330949618,FALSE
eviction,signoret,-0.052321309260749294,FALSE
eviction,siqbal16,-1.3075096561010469e-11,FALSE
eviction,smalamut,-0.06261104330949618,FALSE
eviction,soc383,0.029809626174118087,TRUE
eviction,spike_slab_team,0.03777360169345845,TRUE
eviction,sw2009,0,FALSE
eviction,sy,-0.025599776770691918,FALSE
eviction,t.f.schaffner,-0.06261104330949618,FALSE
eviction,Tamkinat,0.02679476977793216,TRUE
eviction,tdavidson,0,FALSE
eviction,the_Brit,-0.027995743289855657,FALSE
eviction,TheLoneCodeman,-4.721751771666518,FALSE
eviction,Tina_the_Llama,0.013368288172767584,TRUE
eviction,tongwang,1.2158385409577477e-11,FALSE
eviction,user,-0.14209483876637252,FALSE
eviction,user1,-0.06261104330949618,FALSE
eviction,vharman2,0.012929582035981713,TRUE
eviction,visseho,-0.06261104330949618,FALSE
eviction,weggert,-0.06261104330949618,FALSE
eviction,wjlei1990,0.031592236325057255,TRUE
eviction,wnowak,1.2158385409577477e-11,FALSE
eviction,wrcCOS424,-5.392014122061738,FALSE
eviction,yaboybillnye,-4.556093255469029,FALSE
eviction,yjpeng,0.026012923824917156,TRUE
eviction,yuex,-0.06261104330949618,FALSE
eviction,zn2146,0,FALSE
gpa,ADSgrp5,0.1795799500632601,TRUE
gpa,aemack,0.1530387928851069,TRUE
gpa,agalle,0.08922326708547346,TRUE
gpa,alexlibby,-0.12230186389895903,FALSE
gpa,alhajri,0.11127445870334918,TRUE
gpa,Alpaca_CultureAsAWoolkit,0.08721298973703273,TRUE
gpa,amaatouq,0.17256892136685986,TRUE
gpa,amagann,-0.13149177047483107,FALSE
gpa,amcz,-0.685482078732276,FALSE
gpa,amorgan,0.061413456086112594,TRUE
gpa,amusse,0.08922326238668021,TRUE
gpa,Anahit_Sargsyan,0.14539409331752362,TRUE
gpa,andrewor,0.11821922911307581,TRUE
gpa,annafil,0,FALSE
gpa,aprilfeifei,0.15950628452515647,TRUE
gpa,au324,0.0678694494947536,TRUE
gpa,aurora1994,0.15362477782741257,TRUE
gpa,aycai,0.08922326708547346,TRUE
gpa,azizkag,-20.04278788633332,FALSE
gpa,bertalan,0.0272198599759369,TRUE
gpa,bjgoode,0.14035220966136874,TRUE
gpa,bleizman,0.06819974059768097,TRUE
gpa,bnigdeli,-2.8942268137654992e-8,FALSE
gpa,brjohns,-1.0562395402757829e-10,FALSE
gpa,Bumblebee2023,0.05841688270600642,TRUE
gpa,bz247,0.08279530696227932,TRUE
gpa,carnegien,0.17266589675317268,TRUE
gpa,ccgilroy,-0.4184137100358072,FALSE
gpa,chicacvr,0.17810949360106598,TRUE
gpa,chris,-0.037227076394443115,FALSE
gpa,cjqian,0.06392326809582982,TRUE
gpa,cnstahl,-1.2156942119645464e-12,FALSE
gpa,datascience,0,FALSE
gpa,davidj,0.17814059202857246,TRUE
gpa,ddmmgg,0.048786185821329875,TRUE
gpa,devanshg,-0.6796438317043116,FALSE
gpa,dkozuch,-0.015154476726135568,FALSE
gpa,dliu18,-1.2156942119645464e-12,FALSE
gpa,dremalt,0.10334695071259303,TRUE
gpa,drigobon,0.1498257219360829,TRUE
gpa,DS,-19.25691812790507,FALSE
gpa,eaman,0.17656365662635565,TRUE
gpa,ec,0.08999406572394719,TRUE
gpa,echiou,-3.669403626527627,FALSE
gpa,edz,0.10530643115657101,TRUE
gpa,ehk02004,0.09350885066314008,TRUE
gpa,ekaban15,-2.8942268137654992e-8,FALSE
gpa,err,-1.0562395402757829e-10,FALSE
gpa,ETsurkov,0.1008018002953055,TRUE
gpa,FormidableFamily,0.14341036826652898,TRUE
gpa,fperraudeau,0.08302407074130547,TRUE
gpa,fw,0.09001245832345672,TRUE
gpa,ggundersen,-20.04278788633332,FALSE
gpa,ghe,-7.698450841558779,FALSE
gpa,greg.faletto,0.08441379946640049,TRUE
gpa,gregversteeg,-0.1317954919976252,FALSE
gpa,gsharma298,-24.63601818464875,FALSE
gpa,gturunc16,-1.0562395402757829e-10,FALSE
gpa,gulnihaltuzun,-2.8942268137654992e-8,FALSE
gpa,gwaldrop,0.1727715304648294,TRUE
gpa,haixiaow,0.15488123142173738,TRUE
gpa,hamidrezaomidvar,0.1424919861068552,TRUE
gpa,hchai,-2.2616842818526677,FALSE
gpa,hesohn,0.06636841043401076,TRUE
gpa,hinthornw,-0.16596680336439418,FALSE
gpa,hty,0.08922173826567181,TRUE
gpa,ihorwitz,0.0113968875117888,TRUE
gpa,is2548_is,0.15776825097402902,TRUE
gpa,IU_Sociology,1.1102230246251565e-16,FALSE
gpa,jeremyfreese,0.12449999070105378,TRUE
gpa,jeremykanter,-1.0562395402757829e-10,FALSE
gpa,jgagne,0.1293086591769983,TRUE
gpa,jlhillny,0.14759360121871035,TRUE
gpa,jmels13,-2.4219020122728807e-8,FALSE
gpa,jnchen,-0.026386239331012806,FALSE
gpa,joshua_becker_upenn,-1.0562395402757829e-10,FALSE
gpa,joshua800,-0.008642813693259477,FALSE
gpa,Justajwu,0.15965636826346763,TRUE
gpa,jzrf,0.16490530992777985,TRUE
gpa,KAG,0.14173659901236724,TRUE
gpa,kapoor,0.08009608727718975,TRUE
gpa,karenfeng,6.661338147750939e-16,FALSE
gpa,karipuf,0.16538839884620438,TRUE
gpa,katamg,0.1037286708316526,TRUE
gpa,Katy_P,0.11144823231036993,TRUE
gpa,kgenova,0.1737759054135174,TRUE
gpa,khiguera,0.008165148682506063,TRUE
gpa,kivan,-1.078026274868734,FALSE
gpa,kouyang,0.12608976412334272,TRUE
gpa,largyle,0.0686922445342204,TRUE
gpa,lazs,0.053710763381725424,TRUE
gpa,lbb285,0.1077503907809646,TRUE
gpa,lennyc,0.01383929768445824,TRUE
gpa,lkermode,-1.2078948305625903,FALSE
gpa,LouisR,0.15267074608097952,TRUE
gpa,lpschnab,0.11621982926045649,TRUE
gpa,mackl,-1.0562395402757829e-10,FALSE
gpa,malte,0.17186663661004753,TRUE
gpa,mannyg,0.1053520554126719,TRUE
gpa,maria_yr,-1.0562395402757829e-10,FALSE
gpa,mb298,0.08763434138089587,TRUE
gpa,mdb,0,FALSE
gpa,mdrc,-1.0562395402757829e-10,FALSE
gpa,mkapoor,-0.1286379581023671,FALSE
gpa,mloyola,0.06698293672648059,TRUE
gpa,mogwai,-1.0562395402757829e-10,FALSE
gpa,mollylewis,-1.0562395402757829e-10,FALSE
gpa,mrytting,-0.6179101951510071,FALSE
gpa,mwhuhn,0,FALSE
gpa,myeomans,0.06141345608708981,TRUE
gpa,NaijiaLiu,0.142143562627995,TRUE
gpa,neamah,-0.7441855721568273,FALSE
gpa,nmandell,0.16653874805369795,TRUE
gpa,nperina,0.09168067538466862,TRUE
gpa,ovarol,0.1818425899499696,TRUE
gpa,Pentlandians,0.1744422637170724,TRUE
gpa,phoebs,-1.0562395402757829e-10,FALSE
gpa,pkrafft,6.306926462680273e-4,TRUE
gpa,ppz,0.09477984147264895,TRUE
gpa,prakhar,-0.38169789504979623,FALSE
gpa,pups33,0.10784865400602572,TRUE
gpa,rbamos,0.09195965885987512,TRUE
gpa,rcompton,0.1353988008346907,TRUE
gpa,red_potato85,-0.023785653025992115,FALSE
gpa,rfjz,0.16490530992777985,TRUE
gpa,rtodd,-1.0562395402757829e-10,FALSE
gpa,ruoyangp,-1.0562395402757829e-10,FALSE
gpa,ryanh,0.06262128650919296,TRUE
gpa,ryanjgallag,-1.2156942119645464e-12,FALSE
gpa,samantha_malte,0.1622492493300468,TRUE
gpa,sender,0.08418786851340432,TRUE
gpa,shashim,6.401503771513717e-10,FALSE
gpa,shausen,0.11132777378041314,TRUE
gpa,siemann,0.08418786849842586,TRUE
gpa,signoret,0.08268253004856796,TRUE
gpa,siqbal16,-2.8942268137654992e-8,FALSE
gpa,smalamut,0.0016092691342788346,TRUE
gpa,soc383,0.1246357706955511,TRUE
gpa,spike_slab_team,0.165836111168838,TRUE
gpa,sw2009,0,FALSE
gpa,sy,0.19134250361335037,TRUE
gpa,t.f.schaffner,0.16987019958667615,TRUE
gpa,Tamkinat,0.10814749361187137,TRUE
gpa,tdavidson,0.09063559968113,TRUE
gpa,the_Brit,0.1466538931619098,TRUE
gpa,TheLoneCodeman,-0.08712039670980265,FALSE
gpa,Tina_the_Llama,0.031677093490123154,TRUE
gpa,tongwang,-0.04493352944066453,FALSE
gpa,user,0.002314485884997608,TRUE
gpa,user1,0.0016092691342788346,TRUE
gpa,vharman2,0.07969261613564205,TRUE
gpa,visseho,-20.04278788633332,FALSE
gpa,weggert,0.13736897707003537,TRUE
gpa,wjlei1990,0.17716247263026175,TRUE
gpa,wnowak,-1.0562395402757829e-10,FALSE
gpa,wrcCOS424,-4.490766976197764,FALSE
gpa,yaboybillnye,-0.18309673978716168,FALSE
gpa,yjpeng,0.1819936822936996,TRUE
gpa,yuex,-1.2156942119645464e-12,FALSE
gpa,zn2146,0,FALSE
grit,ADSgrp5,0.03977150585335498,TRUE
grit,aemack,0.04339972104345702,TRUE
grit,agalle,0.004449201612904519,TRUE
grit,alexlibby,-0.11463732757254452,FALSE
grit,alhajri,-0.003284684993821063,FALSE
grit,Alpaca_CultureAsAWoolkit,-0.00844900303680074,FALSE
grit,amaatouq,0.0455778343831893,TRUE
grit,amagann,1.4732659536775827e-12,FALSE
grit,amcz,1.4732659536775827e-12,FALSE
grit,amorgan,6.661338147750939e-16,FALSE
grit,amusse,-1.9069380408764935e-4,FALSE
grit,Anahit_Sargsyan,-37.133964462828594,FALSE
grit,andrewor,0.0013080056299897835,TRUE
grit,annafil,0,FALSE
grit,aprilfeifei,0.020756372960725522,TRUE
grit,au324,-0.00992712089026826,FALSE
grit,aurora1994,0.0424898116301462,TRUE
grit,aycai,0.004449201612904519,TRUE
grit,azizkag,-46.22730156795657,FALSE
grit,bertalan,-0.1622888259066395,FALSE
grit,bjgoode,-0.00958481563142155,FALSE
grit,bleizman,-0.0019629356170036694,FALSE
grit,bnigdeli,-0.002313582730785413,FALSE
grit,brjohns,0.030460812224574085,TRUE
grit,Bumblebee2023,-0.010545834771794826,FALSE
grit,bz247,-0.025997905620452677,FALSE
grit,carnegien,0.025682846744687793,TRUE
grit,ccgilroy,0,FALSE
grit,chicacvr,0,FALSE
grit,chris,-0.23941925186170354,FALSE
grit,cjqian,1.4732659536775827e-12,FALSE
grit,cnstahl,2.4447111002245947e-13,FALSE
grit,datascience,0,FALSE
grit,davidj,0.057922111099509954,TRUE
grit,ddmmgg,-0.0012593486976932855,FALSE
grit,devanshg,-1.3135635330498707,FALSE
grit,dkozuch,-0.020960080462833597,FALSE
grit,dliu18,2.4447111002245947e-13,FALSE
grit,dremalt,0.02689691507156633,TRUE
grit,drigobon,0.03651752286738519,TRUE
grit,DS,-40.61414714511076,FALSE
grit,eaman,0.0538458763582671,TRUE
grit,ec,0.003511710546861724,TRUE
grit,echiou,0,FALSE
grit,edz,0,FALSE
grit,ehk02004,-0.0024546833401970503,FALSE
grit,ekaban15,-0.002313582730785413,FALSE
grit,err,1.4732659536775827e-12,FALSE
grit,ETsurkov,-0.010279833796613236,FALSE
grit,FormidableFamily,0.003093164411612337,TRUE
grit,fperraudeau,0.005507271180498652,TRUE
grit,fw,0.004561175841602316,TRUE
grit,ggundersen,-46.22730156795657,FALSE
grit,ghe,-5.13165134833608,FALSE
grit,greg.faletto,0.0016339995737707502,TRUE
grit,gregversteeg,-0.023994452338457206,FALSE
grit,gsharma298,-20.301160620556335,FALSE
grit,gturunc16,-0.06176197280868245,FALSE
grit,gulnihaltuzun,-0.002313582730785413,FALSE
grit,gwaldrop,0.047980621750631,TRUE
grit,haixiaow,-0.011367827129312724,FALSE
grit,hamidrezaomidvar,0.03265600299336113,TRUE
grit,hchai,-6.186102187055905,FALSE
grit,hesohn,-6.941019314865571e-9,FALSE
grit,hinthornw,-0.03761375453972349,FALSE
grit,hty,0.00444912688759902,TRUE
grit,ihorwitz,1.642779030922581e-4,TRUE
grit,is2548_is,0,FALSE
grit,IU_Sociology,0,FALSE
grit,jeremyfreese,0.02854193759632495,TRUE
grit,jeremykanter,1.4732659536775827e-12,FALSE
grit,jgagne,0.031725152177791704,TRUE
grit,jlhillny,0.0019375909077925524,TRUE
grit,jmels13,-6.941019314865571e-9,FALSE
grit,jnchen,-0.15383543590590754,FALSE
grit,joshua_becker_upenn,1.4732659536775827e-12,FALSE
grit,joshua800,-23.144639344971974,FALSE
grit,Justajwu,0.04817497815025262,TRUE
grit,jzrf,0.012550506768730485,TRUE
grit,KAG,0.04794010984501573,TRUE
grit,kapoor,0.03271259000545368,TRUE
grit,karenfeng,2.220446049250313e-16,FALSE
grit,karipuf,0.022529234768390194,TRUE
grit,katamg,0.02658618428491788,TRUE
grit,Katy_P,0.002778404410689994,TRUE
grit,kgenova,0.043960479891585025,TRUE
grit,khiguera,2.220446049250313e-16,FALSE
grit,kivan,-0.25256881600616765,FALSE
grit,kouyang,0.05158506065698931,TRUE
grit,largyle,-0.002106690945363976,FALSE
grit,lazs,-1.9069376947977723e-4,FALSE
grit,lbb285,0.04817363429316324,TRUE
grit,lennyc,-0.004340272281043056,FALSE
grit,lkermode,-2.223710082385711,FALSE
grit,LouisR,0.02408571053457864,TRUE
grit,lpschnab,1.4732659536775827e-12,FALSE
grit,mackl,1.4732659536775827e-12,FALSE
grit,malte,0.037248618120271026,TRUE
grit,mannyg,0,FALSE
grit,maria_yr,1.4732659536775827e-12,FALSE
grit,mb298,0.0027642225144760557,TRUE
grit,mdb,0,FALSE
grit,mdrc,1.4732659536775827e-12,FALSE
grit,mkapoor,-0.33525525124459654,FALSE
grit,mloyola,0.0032904590240993015,TRUE
grit,mogwai,0.020883730602418438,TRUE
grit,mollylewis,0.007053203843970235,TRUE
grit,mrytting,-0.7022429219996706,FALSE
grit,mwhuhn,0,FALSE
grit,myeomans,1.4732659536775827e-12,FALSE
grit,NaijiaLiu,0.03282045770271669,TRUE
grit,neamah,-1.139696555189372,FALSE
grit,nmandell,0.045373586645745645,TRUE
grit,nperina,-0.004843552092865577,FALSE
grit,ovarol,0.023216075335511177,TRUE
grit,Pentlandians,0.04282106366478511,TRUE
grit,phoebs,0.030460812224574085,TRUE
grit,pkrafft,4.634215986069057e-4,TRUE
grit,ppz,-0.0623452991271074,FALSE
grit,prakhar,1.4732659536775827e-12,FALSE
grit,pups33,0.01877879008789818,TRUE
grit,rbamos,0.004744713527692457,TRUE
grit,rcompton,-0.053042381009870576,FALSE
grit,red_potato85,-0.06659985387624645,FALSE
grit,rfjz,0.012550506768730485,TRUE
grit,rtodd,1.4732659536775827e-12,FALSE
grit,ruoyangp,1.4732659536775827e-12,FALSE
grit,ryanh,2.4447111002245947e-13,FALSE
grit,ryanjgallag,2.4447111002245947e-13,FALSE
grit,samantha_malte,0.011201111253502316,TRUE
grit,sender,0.0026883823132538565,TRUE
grit,shashim,5.960522436263549e-4,TRUE
grit,shausen,0.03269946373958632,TRUE
grit,siemann,0.002688382381554333,TRUE
grit,signoret,-0.670606006624326,FALSE
grit,siqbal16,-0.002313582730785413,FALSE
grit,smalamut,-4.7215506873832247e-4,FALSE
grit,soc383,0.014947754250672518,TRUE
grit,spike_slab_team,-23.144639344971974,FALSE
grit,sw2009,0,FALSE
grit,sy,0.058512474497284805,TRUE
grit,t.f.schaffner,0.03563160222301398,TRUE
grit,Tamkinat,0.03319077043995333,TRUE
grit,tdavidson,0,FALSE
grit,the_Brit,0.04147715819838149,TRUE
grit,TheLoneCodeman,-0.3255028473958035,FALSE
grit,Tina_the_Llama,0.0020294367587283535,TRUE
grit,tongwang,-0.004515242761142124,FALSE
grit,user,-1.9069380408764935e-4,FALSE
grit,user1,-4.7215506873832247e-4,FALSE
grit,vharman2,6.9675179655182e-4,TRUE
grit,visseho,-0.0069481922093723725,FALSE
grit,weggert,-0.0392253939898084,FALSE
grit,wjlei1990,0.053803521738971405,TRUE
grit,wnowak,1.4732659536775827e-12,FALSE
grit,wrcCOS424,-0.09110628597586756,FALSE
grit,yaboybillnye,-0.066268226186174,FALSE
grit,yjpeng,0.052099484535970686,TRUE
grit,yuex,2.4447111002245947e-13,FALSE
grit,zn2146,0,FALSE
jobTraining,ADSgrp5,3.951283744640932e-13,FALSE
jobTraining,aemack,0.03577236369374159,TRUE
jobTraining,agalle,-0.32451134264630155,FALSE
jobTraining,alexlibby,-0.6324235735935968,FALSE
jobTraining,alhajri,-0.32451134264630155,FALSE
jobTraining,Alpaca_CultureAsAWoolkit,0.004542047964721574,TRUE
jobTraining,amaatouq,-0.0047265327037113725,FALSE
jobTraining,amagann,3.951283744640932e-13,FALSE
jobTraining,amcz,3.951283744640932e-13,FALSE
jobTraining,amorgan,-0.5297861632778316,FALSE
jobTraining,amusse,-0.06347019574320578,FALSE
jobTraining,Anahit_Sargsyan,-137.77555373837302,FALSE
jobTraining,andrewor,0.012290772731278876,TRUE
jobTraining,annafil,0,FALSE
jobTraining,aprilfeifei,-0.4564737273379993,FALSE
jobTraining,au324,-3.149567809557219e-5,FALSE
jobTraining,aurora1994,-0.32451134264630155,FALSE
jobTraining,aycai,-0.32451134264630155,FALSE
jobTraining,azizkag,-0.32451134264630155,FALSE
jobTraining,bertalan,-0.32451134264630155,FALSE
jobTraining,bjgoode,-6.028124057411155e-5,FALSE
jobTraining,bleizman,-0.32451134264630155,FALSE
jobTraining,bnigdeli,-2.3497304164687982e-4,FALSE
jobTraining,brjohns,3.951283744640932e-13,FALSE
jobTraining,Bumblebee2023,0.024837368797167914,TRUE
jobTraining,bz247,-0.34894882129291216,FALSE
jobTraining,carnegien,0.025475024315449235,TRUE
jobTraining,ccgilroy,0,FALSE
jobTraining,chicacvr,0,FALSE
jobTraining,chris,3.951283744640932e-13,FALSE
jobTraining,cjqian,3.951283744640932e-13,FALSE
jobTraining,cnstahl,-2.015584864991764,FALSE
jobTraining,datascience,0,FALSE
jobTraining,davidj,-0.29029887254104647,FALSE
jobTraining,ddmmgg,0.005143730474206465,TRUE
jobTraining,devanshg,-0.32451134264630155,FALSE
jobTraining,dkozuch,-0.44181124015003315,FALSE
jobTraining,dliu18,4.8627768478581856e-14,FALSE
jobTraining,dremalt,0.0030452313225458605,TRUE
jobTraining,drigobon,0.02634811788921565,TRUE
jobTraining,DS,0.019376262912309872,TRUE
jobTraining,eaman,4.8627768478581856e-14,FALSE
jobTraining,ec,-0.0021300214879218515,FALSE
jobTraining,echiou,0,FALSE
jobTraining,edz,0,FALSE
jobTraining,ehk02004,2.670034460726667e-4,TRUE
jobTraining,ekaban15,-2.3497304164687982e-4,FALSE
jobTraining,err,3.951283744640932e-13,FALSE
jobTraining,ETsurkov,0.0329373916007637,TRUE
jobTraining,FormidableFamily,0.019690612616815373,TRUE
jobTraining,fperraudeau,0.03349115611473108,TRUE
jobTraining,fw,0.0019045926510975475,TRUE
jobTraining,ggundersen,-0.32451134264630155,FALSE
jobTraining,ghe,-0.9012358387063149,FALSE
jobTraining,greg.faletto,3.951283744640932e-13,FALSE
jobTraining,gregversteeg,-0.48579870171393225,FALSE
jobTraining,gsharma298,-3.7277144751088827,FALSE
jobTraining,gturunc16,-0.373386299939523,FALSE
jobTraining,gulnihaltuzun,-2.3497304164687982e-4,FALSE
jobTraining,gwaldrop,4.8627768478581856e-14,FALSE
jobTraining,haixiaow,0.022378211677910653,TRUE
jobTraining,hamidrezaomidvar,-0.03925103807322783,FALSE
jobTraining,hchai,-1.6685726682098916,FALSE
jobTraining,hesohn,-5.769718036674476e-10,FALSE
jobTraining,hinthornw,4.8627768478581856e-14,FALSE
jobTraining,hty,-0.06869981617358056,FALSE
jobTraining,ihorwitz,-0.01280969100711804,FALSE
jobTraining,is2548_is,-2.220446049250313e-16,FALSE
jobTraining,IU_Sociology,-2.220446049250313e-16,FALSE
jobTraining,jeremyfreese,0.014676636823078515,TRUE
jobTraining,jeremykanter,3.951283744640932e-13,FALSE
jobTraining,jgagne,0.020147152809935176,TRUE
jobTraining,jlhillny,0.043404632631752205,TRUE
jobTraining,jmels13,-5.769718036674476e-10,FALSE
jobTraining,jnchen,-0.03738714325429204,FALSE
jobTraining,joshua_becker_upenn,3.951283744640932e-13,FALSE
jobTraining,joshua800,-16.60964711274769,FALSE
jobTraining,Justajwu,0.02236034028849765,TRUE
jobTraining,jzrf,0.035385239922880896,TRUE
jobTraining,KAG,-0.056685759315392215,FALSE
jobTraining,kapoor,-0.373386299939523,FALSE
jobTraining,karenfeng,-1.2268019787375906e-5,FALSE
jobTraining,karipuf,4.8627768478581856e-14,FALSE
jobTraining,katamg,0.03405622832304178,TRUE
jobTraining,Katy_P,0.022183735300381313,TRUE
jobTraining,kgenova,0.030450425724641406,TRUE
jobTraining,khiguera,-0.0021446876891757505,FALSE
jobTraining,kivan,-0.6853966159335163,FALSE
jobTraining,kouyang,0.030098679691663355,TRUE
jobTraining,largyle,-2.8344315241568552e-5,FALSE
jobTraining,lazs,-0.32451134264630155,FALSE
jobTraining,lbb285,0.023368110474377035,TRUE
jobTraining,lennyc,-2.3866883904699598e-4,FALSE
jobTraining,lkermode,-0.10357773739633958,FALSE
jobTraining,LouisR,-0.32939883837562367,FALSE
jobTraining,lpschnab,3.951283744640932e-13,FALSE
jobTraining,mackl,-0.32939883837562367,FALSE
jobTraining,malte,0.05019572017255636,TRUE
jobTraining,mannyg,0,FALSE
jobTraining,maria_yr,3.951283744640932e-13,FALSE
jobTraining,mb298,-6.240922109856939e-5,FALSE
jobTraining,mdb,0,FALSE
jobTraining,mdrc,0.052297999698922126,TRUE
jobTraining,mkapoor,-0.10784865696545087,FALSE
jobTraining,mloyola,3.951283744640932e-13,FALSE
jobTraining,mogwai,-0.5982111034883415,FALSE
jobTraining,mollylewis,3.951283744640932e-13,FALSE
jobTraining,mrytting,-0.6324235735935968,FALSE
jobTraining,mwhuhn,0,FALSE
jobTraining,myeomans,0.028452966997848606,TRUE
jobTraining,NaijiaLiu,-0.039251038115222237,FALSE
jobTraining,neamah,-0.32451134264630155,FALSE
jobTraining,nmandell,0.03975898232408448,TRUE
jobTraining,nperina,-1.6844339908859522,FALSE
jobTraining,ovarol,-1.1114755233965212e-5,FALSE
jobTraining,Pentlandians,0.039019456755264303,TRUE
jobTraining,phoebs,3.951283744640932e-13,FALSE
jobTraining,pkrafft,-9.072314646538793e-4,FALSE
jobTraining,ppz,-0.7008485138041067,FALSE
jobTraining,prakhar,3.951283744640932e-13,FALSE
jobTraining,pups33,0.025572727356385716,TRUE
jobTraining,rbamos,-0.32451134264630155,FALSE
jobTraining,rcompton,-0.383161291398167,FALSE
jobTraining,red_potato85,-0.007716425965356155,FALSE
jobTraining,rfjz,0.035385239922880896,TRUE
jobTraining,rtodd,3.951283744640932e-13,FALSE
jobTraining,ruoyangp,-0.20797086675004062,FALSE
jobTraining,ryanh,4.8627768478581856e-14,FALSE
jobTraining,ryanjgallag,-0.03422955121033633,FALSE
jobTraining,samantha_malte,0.02303263734326,TRUE
jobTraining,sender,-0.32451134264630155,FALSE
jobTraining,shashim,-5.769718036674476e-10,FALSE
jobTraining,shausen,0.02501848956495545,TRUE
jobTraining,siemann,-0.32451134264630155,FALSE
jobTraining,signoret,-0.07016283457940431,FALSE
jobTraining,siqbal16,-2.3497304164687982e-4,FALSE
jobTraining,smalamut,-0.32451134264630155,FALSE
jobTraining,soc383,0.014244391214854879,TRUE
jobTraining,spike_slab_team,-3.071283942525347,FALSE
jobTraining,sw2009,0,FALSE
jobTraining,sy,0.04385115073889745,TRUE
jobTraining,t.f.schaffner,-0.32451134264630155,FALSE
jobTraining,Tamkinat,0.02069154585403621,TRUE
jobTraining,tdavidson,-2.220446049250313e-16,FALSE
jobTraining,the_Brit,0.02571703506224876,TRUE
jobTraining,TheLoneCodeman,-1.2824605055934422,FALSE
jobTraining,Tina_the_Llama,0.019344062152746533,TRUE
jobTraining,tongwang,3.951283744640932e-13,FALSE
jobTraining,user,-0.009057646033226785,FALSE
jobTraining,user1,-0.32451134264630155,FALSE
jobTraining,vharman2,0.00703954163886078,TRUE
jobTraining,visseho,-0.32451134264630155,FALSE
jobTraining,weggert,-0.3196238469169794,FALSE
jobTraining,wjlei1990,0.03454801175051725,TRUE
jobTraining,wnowak,3.951283744640932e-13,FALSE
jobTraining,wrcCOS424,-2.049797335097019,FALSE
jobTraining,yaboybillnye,-0.45548460235715216,FALSE
jobTraining,yjpeng,0.038684190147432296,TRUE
jobTraining,yuex,-0.36361130848087875,FALSE
jobTraining,zn2146,0,FALSE
layoff,ADSgrp5,-5.079048293055166e-12,FALSE
layoff,aemack,0.013923756959236866,TRUE
layoff,agalle,-0.2693991283942203,FALSE
layoff,alexlibby,-0.46793074563123116,FALSE
layoff,alhajri,-0.2693991283942203,FALSE
layoff,Alpaca_CultureAsAWoolkit,0.012332256691387933,TRUE
layoff,amaatouq,0.025957068624082646,TRUE
layoff,amagann,-5.079048293055166e-12,FALSE
layoff,amcz,-5.079048293055166e-12,FALSE
layoff,amorgan,-0.612317376349057,FALSE
layoff,amusse,-0.07387556596383105,FALSE
layoff,Anahit_Sargsyan,-159.07062847954987,FALSE
layoff,andrewor,-0.0036585727308129368,FALSE
layoff,annafil,-0.039028848877726396,FALSE
layoff,aprilfeifei,-0.27541523800746326,FALSE
layoff,au324,1.4547836578870932e-4,TRUE
layoff,aurora1994,-0.4077696494988037,FALSE
layoff,aycai,-0.2693991283942203,FALSE
layoff,azizkag,-0.2693991283942203,FALSE
layoff,bertalan,-0.2693991283942203,FALSE
layoff,bjgoode,0.01660138861015681,TRUE
layoff,bleizman,-0.2693991283942203,FALSE
layoff,bnigdeli,2.238252916342276e-10,FALSE
layoff,brjohns,-2.029045962814002,FALSE
layoff,Bumblebee2023,0.002546383007330455,TRUE
layoff,bz247,-0.2693991283942203,FALSE
layoff,carnegien,-0.02488964883807898,FALSE
layoff,ccgilroy,0,FALSE
layoff,chicacvr,0,FALSE
layoff,chris,-5.079048293055166e-12,FALSE
layoff,cjqian,0.006027366824048808,TRUE
layoff,cnstahl,-0.8649939801052526,FALSE
layoff,datascience,0,FALSE
layoff,davidj,-0.2693991283942203,FALSE
layoff,ddmmgg,0.014539769616266907,TRUE
layoff,devanshg,-0.2693991283942203,FALSE
layoff,dkozuch,-0.31752800530016234,FALSE
layoff,dliu18,-4.884981308350689e-15,FALSE
layoff,dremalt,0.012416167003547973,TRUE
layoff,drigobon,0.012375951412470942,TRUE
layoff,DS,-0.009297762220460637,FALSE
layoff,eaman,-4.884981308350689e-15,FALSE
layoff,ec,0.011943245215498721,TRUE
layoff,echiou,0,FALSE
layoff,edz,0,FALSE
layoff,ehk02004,0.013245140313672632,TRUE
layoff,ekaban15,2.238252916342276e-10,FALSE
layoff,err,-5.079048293055166e-12,FALSE
layoff,ETsurkov,0.0044724601418442145,TRUE
layoff,FormidableFamily,0.02119841402599143,TRUE
layoff,fperraudeau,0.004248984303467207,TRUE
layoff,fw,0.020091519224481713,TRUE
layoff,ggundersen,-0.2693991283942203,FALSE
layoff,ghe,-1.268073324192517,FALSE
layoff,greg.faletto,-5.079048293055166e-12,FALSE
layoff,gregversteeg,-0.3716729918193471,FALSE
layoff,gsharma298,-5.546800807065847,FALSE
layoff,gturunc16,-5.079048293055166e-12,FALSE
layoff,gulnihaltuzun,2.238252916342276e-10,FALSE
layoff,gwaldrop,-4.884981308350689e-15,FALSE
layoff,haixiaow,-0.021624380128913323,FALSE
layoff,hamidrezaomidvar,0.016583606104397908,TRUE
layoff,hchai,-2.068215902753803,FALSE
layoff,hesohn,3.764274447703997e-10,FALSE
layoff,hinthornw,-4.884981308350689e-15,FALSE
layoff,hty,-0.1001659649737019,FALSE
layoff,ihorwitz,-0.03083315602116543,FALSE
layoff,is2548_is,0,FALSE
layoff,IU_Sociology,0,FALSE
layoff,jeremyfreese,0.011929662903364169,TRUE
layoff,jeremykanter,-5.079048293055166e-12,FALSE
layoff,jgagne,0.00697607087476404,TRUE
layoff,jlhillny,0.005500405625298077,TRUE
layoff,jmels13,3.764274447703997e-10,FALSE
layoff,jnchen,-0.04618328481401934,FALSE
layoff,joshua_becker_upenn,-5.079048293055166e-12,FALSE
layoff,joshua800,-19.111854437070516,FALSE
layoff,Justajwu,0.013126285246841451,TRUE
layoff,jzrf,1.8050137475578154e-5,FALSE
layoff,KAG,-0.06827201301143959,FALSE
layoff,kapoor,-4.884981308350689e-15,FALSE
layoff,karenfeng,-0.05238313579060083,FALSE
layoff,karipuf,-4.884981308350689e-15,FALSE
layoff,katamg,0.007954299688034294,TRUE
layoff,Katy_P,0.0037650867200708094,TRUE
layoff,kgenova,0.01614881773126675,TRUE
layoff,khiguera,-2.220446049250313e-16,FALSE
layoff,kivan,-0.16394165973945318,FALSE
layoff,kouyang,-0.009802235282503569,FALSE
layoff,largyle,0.007003314912337633,TRUE
layoff,lazs,-0.2693991283942203,FALSE
layoff,lbb285,0.01973559395575286,TRUE
layoff,lennyc,5.074808210392412e-5,FALSE
layoff,lkermode,-4.758853040986875,FALSE
layoff,LouisR,-0.6604462532549991,FALSE
layoff,lpschnab,-5.079048293055166e-12,FALSE
layoff,mackl,-0.2693991283942203,FALSE
layoff,malte,0.021203612932704563,TRUE
layoff,mannyg,0,FALSE
layoff,maria_yr,-5.079048293055166e-12,FALSE
layoff,mb298,0.008542472798623746,TRUE
layoff,mdb,0,FALSE
layoff,mdrc,-5.079048293055166e-12,FALSE
layoff,mkapoor,-0.08079409201906018,FALSE
layoff,mloyola,-5.079048293055166e-12,FALSE
layoff,mogwai,-5.079048293055166e-12,FALSE
layoff,mollylewis,-5.079048293055166e-12,FALSE
layoff,mrytting,-0.41980186872528913,FALSE
layoff,mwhuhn,0,FALSE
layoff,myeomans,0.009942818805925846,TRUE
layoff,NaijiaLiu,0.016583606079172086,TRUE
layoff,neamah,-0.2693991283942203,FALSE
layoff,nmandell,0.01273237226800239,TRUE
layoff,nperina,-1.9439981961519157,FALSE
layoff,ovarol,-0.0029400155215437707,FALSE
layoff,Pentlandians,0.028469523004714836,TRUE
layoff,phoebs,-5.079048293055166e-12,FALSE
layoff,pkrafft,5.897890706949571e-4,TRUE
layoff,ppz,-1.0153967204363212,FALSE
layoff,prakhar,-5.079048293055166e-12,FALSE
layoff,pups33,0.004996392885989964,TRUE
layoff,rbamos,-0.2693991283942203,FALSE
layoff,rcompton,-0.29346356684719144,FALSE
layoff,red_potato85,-0.010783267060067603,FALSE
layoff,rfjz,1.8050137475578154e-5,FALSE
layoff,rtodd,-5.079048293055166e-12,FALSE
layoff,ruoyangp,-0.11973293135451213,FALSE
layoff,ryanh,-4.884981308350689e-15,FALSE
layoff,ryanjgallag,-0.08359658257230151,FALSE
layoff,samantha_malte,0.010013502349055625,TRUE
layoff,sender,-0.2874474572339487,FALSE
layoff,shashim,3.764274447703997e-10,FALSE
layoff,shausen,0.012300818232669264,TRUE
layoff,siemann,-0.2874474572339487,FALSE
layoff,signoret,-0.002039484529510638,FALSE
layoff,siqbal16,2.238252916342276e-10,FALSE
layoff,smalamut,-0.2693991283942203,FALSE
layoff,soc383,0.01426340108012869,TRUE
layoff,spike_slab_team,-3.710613827169074,FALSE
layoff,sw2009,0,FALSE
layoff,sy,-0.001008896452351804,FALSE
layoff,t.f.schaffner,-0.2693991283942203,FALSE
layoff,Tamkinat,0.016738181486214088,TRUE
layoff,tdavidson,0,FALSE
layoff,the_Brit,0.027742129073329513,TRUE
layoff,TheLoneCodeman,-2.356989164189455,FALSE
layoff,Tina_the_Llama,0.013064876196696829,TRUE
layoff,tongwang,-5.079048293055166e-12,FALSE
layoff,user,-0.01802434399944608,FALSE
layoff,user1,-0.2693991283942203,FALSE
layoff,vharman2,-0.010729981397707533,FALSE
layoff,visseho,-0.2693991283942203,FALSE
layoff,weggert,-0.31752800530016234,FALSE
layoff,wjlei1990,0.0156643619946375,TRUE
layoff,wnowak,-5.079048293055166e-12,FALSE
layoff,wrcCOS424,-0.35964077259286165,FALSE
layoff,yaboybillnye,-0.7760709662492202,FALSE
layoff,yjpeng,0.016315378253264234,TRUE
layoff,yuex,-0.2693991283942203,FALSE
layoff,zn2146,0,FALSE
materialHardship,ADSgrp5,0.22860850737379712,TRUE
materialHardship,aemack,0.1631450100461831,TRUE
materialHardship,agalle,0.05528337470909783,TRUE
materialHardship,alexlibby,-0.13820836834969175,FALSE
materialHardship,alhajri,0.05657984599009769,TRUE
materialHardship,Alpaca_CultureAsAWoolkit,0.060731689024246416,TRUE
materialHardship,amaatouq,0.19729855055145828,TRUE
materialHardship,amagann,2.793599795936075e-10,FALSE
materialHardship,amcz,2.793599795936075e-10,FALSE
materialHardship,amorgan,0.035796380596072264,TRUE
materialHardship,amusse,0.055283373785713574,TRUE
materialHardship,Anahit_Sargsyan,-1051.149436540278,FALSE
materialHardship,andrewor,0.14228260080810573,TRUE
materialHardship,annafil,0,FALSE
materialHardship,aprilfeifei,0.20361541322189602,TRUE
materialHardship,au324,0.017308044459269922,TRUE
materialHardship,aurora1994,0.17281345559171524,TRUE
materialHardship,aycai,0.05528337470909783,TRUE
materialHardship,azizkag,-0.505771254935266,FALSE
materialHardship,bertalan,0.033682899739535865,TRUE
materialHardship,bjgoode,0.21509687117888665,TRUE
materialHardship,bleizman,0.11881481357714341,TRUE
materialHardship,bnigdeli,9.889913332727929e-10,FALSE
materialHardship,brjohns,0.16040121815328678,TRUE
materialHardship,Bumblebee2023,-2.220446049250313e-16,FALSE
materialHardship,bz247,0.09149919976841614,TRUE
materialHardship,carnegien,0.12161319705254503,TRUE
materialHardship,ccgilroy,0,FALSE
materialHardship,chicacvr,0,FALSE
materialHardship,chris,0.007931515429098979,TRUE
materialHardship,cjqian,0.0696128666365019,TRUE
materialHardship,cnstahl,-2.349231920106831e-13,FALSE
materialHardship,datascience,0.19116763550690186,TRUE
materialHardship,davidj,0.2021546201744352,TRUE
materialHardship,ddmmgg,0.02078946129288639,TRUE
materialHardship,devanshg,0.03473082614868339,TRUE
materialHardship,dkozuch,-0.020524966778131093,FALSE
materialHardship,dliu18,-2.349231920106831e-13,FALSE
materialHardship,dremalt,0.19516832672585005,TRUE
materialHardship,drigobon,0.17722008873016337,TRUE
materialHardship,DS,-1.1166037741757107,FALSE
materialHardship,eaman,0.20535903668684508,TRUE
materialHardship,ec,0.05607437195285414,TRUE
materialHardship,echiou,0,FALSE
materialHardship,edz,0,FALSE
materialHardship,ehk02004,0.038524380457833685,TRUE
materialHardship,ekaban15,9.889913332727929e-10,FALSE
materialHardship,err,-0.06800289516132274,FALSE
materialHardship,ETsurkov,0.07454980093565966,TRUE
materialHardship,FormidableFamily,0.09087366421808185,TRUE
materialHardship,fperraudeau,0.05238125937391458,TRUE
materialHardship,fw,0.0558467775054039,TRUE
materialHardship,ggundersen,-0.505771254935266,FALSE
materialHardship,ghe,-3.129497620530767,FALSE
materialHardship,greg.faletto,0.07439275163956838,TRUE
materialHardship,gregversteeg,-0.02346363672656926,FALSE
materialHardship,gsharma298,-9.81320741417807,FALSE
materialHardship,gturunc16,2.793599795936075e-10,FALSE
materialHardship,gulnihaltuzun,9.889913332727929e-10,FALSE
materialHardship,gwaldrop,0.2136604335572485,TRUE
materialHardship,haixiaow,0.23187115603074449,TRUE
materialHardship,hamidrezaomidvar,0.20310701387701036,TRUE
materialHardship,hchai,-9.183199476908817,FALSE
materialHardship,hesohn,-1.1399030608316707e-9,FALSE
materialHardship,hinthornw,-0.07717117205534318,FALSE
materialHardship,hty,0.05528235754997801,TRUE
materialHardship,ihorwitz,0.00939325092581944,TRUE
materialHardship,is2548_is,0,FALSE
materialHardship,IU_Sociology,0.031398827679438024,TRUE
materialHardship,jeremyfreese,0.1684482118268612,TRUE
materialHardship,jeremykanter,2.793599795936075e-10,FALSE
materialHardship,jgagne,0.18904986214711395,TRUE
materialHardship,jlhillny,0.13801405384192822,TRUE
materialHardship,jmels13,-1.1399030608316707e-9,FALSE
materialHardship,jnchen,-0.06507703691356248,FALSE
materialHardship,joshua_becker_upenn,2.793599795936075e-10,FALSE
materialHardship,joshua800,-0.3037014023880673,FALSE
materialHardship,Justajwu,0.17246044566552743,TRUE
materialHardship,jzrf,0.08547504950580564,TRUE
materialHardship,KAG,0.15353799415922809,TRUE
materialHardship,kapoor,0.17336358462490498,TRUE
materialHardship,karenfeng,-0.0018879823523050288,FALSE
materialHardship,karipuf,0.175118744251326,TRUE
materialHardship,katamg,0.19183961670698235,TRUE
materialHardship,Katy_P,0.045596132169746895,TRUE
materialHardship,kgenova,0.2005162375656342,TRUE
materialHardship,khiguera,0.04363894732512397,TRUE
materialHardship,kivan,-2.789596531602667,FALSE
materialHardship,kouyang,0.17501831371542864,TRUE
materialHardship,largyle,0.04517070189627059,TRUE
materialHardship,lazs,0.057584649222787054,TRUE
materialHardship,lbb285,0.14571496586544763,TRUE
materialHardship,lennyc,0.004632973306514132,TRUE
materialHardship,lkermode,-1.617128243866492,FALSE
materialHardship,LouisR,0.19543723172647687,TRUE
materialHardship,lpschnab,2.793599795936075e-10,FALSE
materialHardship,mackl,2.793599795936075e-10,FALSE
materialHardship,malte,0.20325789089394775,TRUE
materialHardship,mannyg,0,FALSE
materialHardship,maria_yr,2.793599795936075e-10,FALSE
materialHardship,mb298,0.05806221471137618,TRUE
materialHardship,mdb,0.02674878264135494,TRUE
materialHardship,mdrc,2.793599795936075e-10,FALSE
materialHardship,mkapoor,-0.505771254935266,FALSE
materialHardship,mloyola,2.793599795936075e-10,FALSE
materialHardship,mogwai,2.793599795936075e-10,FALSE
materialHardship,mollylewis,2.793599795936075e-10,FALSE
materialHardship,mrytting,-0.1742823374125959,FALSE
materialHardship,mwhuhn,0.10022096041713935,TRUE
materialHardship,myeomans,0.035796380603598243,TRUE
materialHardship,NaijiaLiu,0.2031070138698433,TRUE
materialHardship,neamah,0.03615385709130359,TRUE
materialHardship,nmandell,0.18896823990813005,TRUE
materialHardship,nperina,2.793599795936075e-10,FALSE
materialHardship,ovarol,0.20177525219771308,TRUE
materialHardship,Pentlandians,0.20145653121819118,TRUE
materialHardship,phoebs,2.793599795936075e-10,FALSE
materialHardship,pkrafft,0.007257963165202108,TRUE
materialHardship,ppz,0.04326730017618108,TRUE
materialHardship,prakhar,2.793599795936075e-10,FALSE
materialHardship,pups33,0.13669754737829465,TRUE
materialHardship,rbamos,0.05181135859836217,TRUE
materialHardship,rcompton,0.07357034791660466,TRUE
materialHardship,red_potato85,-0.6476989078065258,FALSE
materialHardship,rfjz,0.17533073011407962,TRUE
materialHardship,rtodd,2.793599795936075e-10,FALSE
materialHardship,ruoyangp,2.793599795936075e-10,FALSE
materialHardship,ryanh,-2.349231920106831e-13,FALSE
materialHardship,ryanjgallag,-2.349231920106831e-13,FALSE
materialHardship,samantha_malte,0.18738737598180066,TRUE
materialHardship,sender,0.05434652247424032,TRUE
materialHardship,shashim,1.3052712022343371e-8,FALSE
materialHardship,shausen,0.1910355168979052,TRUE
materialHardship,siemann,0.05434652238655946,TRUE
materialHardship,signoret,0.13502734161670793,TRUE
materialHardship,siqbal16,9.889913332727929e-10,FALSE
materialHardship,smalamut,-0.002867541902428883,FALSE
materialHardship,soc383,0.1722006580300407,TRUE
materialHardship,spike_slab_team,-0.3037014023880673,FALSE
materialHardship,sw2009,0,FALSE
materialHardship,sy,0.19897288595511575,TRUE
materialHardship,t.f.schaffner,0.18151684962808567,TRUE
materialHardship,Tamkinat,0.18784512854900604,TRUE
materialHardship,tdavidson,0,FALSE
materialHardship,the_Brit,0.2080253397568349,TRUE
materialHardship,TheLoneCodeman,-0.13366562856565256,FALSE
materialHardship,Tina_the_Llama,0.01607762711185312,TRUE
materialHardship,tongwang,-0.023704833468797926,FALSE
materialHardship,user,-0.04434130280430448,FALSE
materialHardship,user1,-0.002867541902428883,FALSE
materialHardship,vharman2,0.0316987123623218,TRUE
materialHardship,visseho,-0.505771254935266,FALSE
materialHardship,weggert,0.1711717617678602,TRUE
materialHardship,wjlei1990,0.22390873383217458,TRUE
materialHardship,wnowak,0.15192025852947155,TRUE
materialHardship,wrcCOS424,-0.1431571987332143,FALSE
materialHardship,yaboybillnye,-0.21867491160902164,FALSE
materialHardship,yjpeng,0.20363722791399042,TRUE
materialHardship,yuex,-0.012223878833599322,FALSE
materialHardship,zn2146,0.22826838146230155,TRUE
