extension,symbol,n,class1,class2,unsure,notes
py,plt,73,viz,,,
py,matplotlib.pyplot,71,viz,,,
r,jitter,63,viz,,,
py,plot,62,viz,,,
r,plot,60,viz,,,
r,theme_bw,55,viz,,,
r,qplot,49,viz,,,
r,theme,49,viz,,,
r,aes,36,viz,,,
r,stargazer,29,viz,,,
r,ggplot,26,viz,,,
r,ylab,23,viz,,,
r,ggsave,17,viz,,,
r,labels,17,viz,,,
r,xlab,17,viz,,,
py,hist,13,viz,,,
r,ggplot2,13,viz,,,
r,labs,10,viz,,,
r,grid.arrange,9,viz,,,
py,seaborn,6,viz,,,
r,element_text,6,viz,,,
r,geom_line,6,viz,,,
r,geom_point,6,viz,,,
r,geom_ribbon,5,viz,,,
do,graph,4,viz,,,
py,matplotlib,4,viz,,,
r,geom_bar,4,viz,,,
r,vim,4,viz,,,also imputation?
r,coord_flip,3,viz,,,
r,embed_fonts,3,viz,,,
r,geom_hline,3,viz,,,
r,geom_pointrange,3,viz,,,
r,ggtitle,3,viz,,,
r,label,3,viz,,,
r,theme_minimal,3,viz,,,
py,matplotlib.pylab,2,viz,,,
r,fonts,2,viz,,,
r,geom_boxplot,2,viz,,,
r,geom_density,2,viz,,,
r,geom_jitter,2,viz,,,
r,geom_tile,2,viz,,,
r,ggcorr,2,viz,,,
r,pretty,2,viz,,,
r,scale_color_manual,2,viz,,,
r,scale_fill_discrete,2,viz,,,
r,scale_fill_manual,2,viz,,,
r,theme_few,2,viz,,,
do,dotplot,1,viz,,,
py,histogram,1,viz,,,
py,matplotlib.gridspec,1,viz,,,
py,reindex_axis,1,viz,,,
r,annotate,1,viz,,,
r,coord_fixed,1,viz,,,
r,corrgram,1,viz,,,
r,element_blank,1,viz,,,
r,extrafont,1,viz,,,
r,facet_wrap,1,viz,,,
r,geom_histogram,1,viz,,,
r,geom_vline,1,viz,,,
r,ggally,1,viz,,,
r,ggthemes,1,viz,,,
r,grid,1,viz,,,
r,guides,1,viz,,,
r,kable,1,viz,,y,
r,matrixplot,1,viz,,,
r,plotcp,1,viz,,,
r,scale_color_discrete,1,viz,,,
r,scale_fill_continuous,1,viz,,,
r,scale_fill_gradient2,1,viz,,,
r,scale_x_continuous,1,viz,,,
r,scale_x_discrete,1,viz,,,
r,in,12091,prep,test,,
r,factor,8204,prep,type,,
r,table,2858,prep,,,
py,np,1639,prep,,,
r,data,1636,prep,,,
r,is.na,1385,prep,test,,
r,which,632,prep,test,,
py,shape,620,prep,,y,
r,paste,522,prep,,,
r,file,497,prep,sys,,
r,names,457,prep,,,
r,write.csv,404,prep,sys,,
r,row.names,398,prep,,,
py,columns,396,prep,,y,
r,ifelse,380,prep,sys,,
r,mean,379,prep,oper,,
do,gen,367,prep,feat,,
do,if,359,prep,test,,
py,read_csv,358,prep,sys,,
py,append,337,prep,feat,y,
r,colnames,331,prep,,,
do,replace,322,prep,feat,,
py,values,315,prep,,y,predictions?
r,col,273,prep,,y,
py,parser,264,prep,,y,look at some examples here
r,length,264,prep,,,
py,loc,236,prep,test,,
r,read.csv,236,prep,sys,,
py,dataframe,233,prep,,,
py,average,219,prep,oper,,
r,dim,216,prep,,,
r,drop,215,prep,del,,deleting data
r,min,203,prep,oper,,
py,astype,199,prep,type,,
py,mean,198,prep,oper,,
py,as_matrix,195,prep,type,,
r,all,191,prep,test,,
r,as.factor,189,prep,type,,
do,label,173,prep,feat,,
r,nrow,171,prep,,,
py,iloc,164,prep,subs,,
py,to_csv,164,prep,sys,,
r,apply,164,prep,func,,
r,ncol,163,prep,,,
r,rep,160,prep,,,
py,transform,159,prep,feat,y,is this sk recoding?
py,array,138,prep,type,,
r,sum,137,prep,oper,,
py,drop,131,prep,subs,y,
py,sklearn.feature_selection,123,prep,feat,,
do,rename,120,prep,,,
r,as.numeric,120,prep,type,,
r,cbind,120,prep,merg,,
do,var,119,prep,,,
r,paste0,118,prep,,,
py,head,115,prep,,,
py,load,108,prep,sys,,
py,join,103,prep,merg,,
r,max,100,prep,oper,,
py,indices,99,prep,sys,,
r,print,99,prep,sys,,
r,unique,98,prep,test,,
py,count,97,prep,oper,,
py,fillna,95,prep,impu,,
do,tab,94,prep,summ,,
py,mode,94,prep,oper,,
r,else,91,prep,sys,,
r,levels,89,prep,,,
py,sum,88,prep,oper,,
r,sapply,87,prep,,,
py,sklearn.preprocessing,86,prep,,,
r,merge,85,prep,merg,,
r,t,83,prep,,,
do,drop,82,prep,del,,
do,foreach,81,prep,sys,,
py,isnull,81,prep,test,,
r,combine,79,prep,merg,,
r,load,77,prep,sys,,
py,concatenate,76,prep,oper,,
py,dtype,75,prep,type,,
py,transpose,75,prep,,y,
py,zeros,75,prep,feat,,
r,by,75,prep,,y,
r,as.matrix,73,prep,type,,
r,select,71,prep,,,
do,clear,70,prep,sys,,
do,in,69,prep,test,,
py,split,69,prep,,y,
py,copy,68,prep,,,
py,isin,65,prep,test,,
r,subset,65,prep,subs,,
py,to_datetime,64,prep,type,,
py,tolist,64,prep,type,,
py,dropna,63,prep,,,
py,min,63,prep,oper,,
r,cut,63,prep,type,,
r,nlevels,61,prep,,,
py,sys,60,prep,sys,,
r,as.data.frame,60,prep,type,,
py,options,59,prep,sys,,
py,genfromtxt,58,prep,sys,,
py,max,58,prep,oper,,
do,recode,56,prep,feat,,
py,nan,55,prep,test,,
r,setwd,53,prep,sys,,
py,t,51,prep,,,
do,global,50,prep,,y,
do,sum,50,prep,oper,,
r,read_csv,48,prep,sys,,
py,dot,47,prep,oper,,
py,random,47,prep,rand,,
py,sort_values,47,prep,test,,
r,grepl,47,prep,test,,
py,keys,46,prep,,,
r,data.matrix,46,prep,,,
do,mean,44,prep,oper,,
r,class,44,prep,,y,
py,time,43,prep,type,,
r,match,42,prep,feat,y,
r,lapply,41,prep,,,
r,missing,41,prep,impu,,
r,rm,41,prep,sys,,
r,save,41,prep,sys,,
py,isnan,40,prep,test,,
r,tabulate,40,prep,,,
py,apply,39,prep,sys,,
py,argsort,39,prep,sys,,
r,grep,38,prep,test,,
r,unlist,38,prep,,,
py,concat,37,prep,oper,,
py,abs,36,prep,oper,,
r,colsums,36,prep,summ,,
do,capture,35,prep,sys,,
do,quietly,35,prep,sys,,
py,csv,35,prep,sys,,
py,set_index,35,prep,sys,,
r,with,35,prep,sys,,
py,os,33,prep,sys,,
py,randint,33,prep,rand,,
r,sample,33,prep,subs,,
py,sort,32,prep,,,
py,timedelta64,32,prep,type,,
r,rownames,32,prep,,,
py,mod,31,prep,oper,,
py,shuffle,31,prep,rand,,
py,notnull,29,prep,test,,
r,head,29,prep,subs,,
do,save,26,prep,sys,,
py,loadtxt,26,prep,sys,,
r,as.character,26,prep,type,,
do,cap,25,prep,sys,,
r,rbind,25,prep,merg,,
py,argparse,24,prep,sys,,
r,tar,24,prep,sys,,
r,amelia,23,prep,impu,,
r,dir,23,prep,sys,,"system (file io, parallelization, control flow)"
r,order,23,prep,,,
r,replace,23,prep,,,
do,codebook,22,prep,feat,y,
r,abs,22,prep,oper,,
r,ls,22,prep,sys,,
r,set.seed,22,prep,sys,,
do,log,21,prep,sys,,
py,add,21,prep,oper,,
py,merge,21,prep,merg,,
py,where,21,prep,test,,
r,round,21,prep,oper,,
r,seq,21,prep,,,
do,do,20,prep,sys,,
r,file.path,20,prep,sys,,
r,is.null,20,prep,test,,
do,merge,19,prep,merg,,
r,mice,19,prep,impu,,
py,argmax,18,prep,oper,,
py,pickle,18,prep,sys,,
py,to_pickle,18,prep,sys,,
r,contains,18,prep,,,
py,utils,17,prep,sys,,
r,missforest,17,prep,impu,,
r,sort,17,prep,,,
do,summarize,16,prep,summ,,
do,varlist,16,prep,sys,,
py,exp,16,prep,oper,,
py,read_pickle,16,prep,sys,,
py,reshape,16,prep,,,
py,unique,16,prep,test,,
r,mode,16,prep,oper,,
r,sub,16,prep,,,
r,sys.time,16,prep,sys,,
r,write,16,prep,sys,,
do,order,15,prep,sort,y,
m,end,15,prep,sys,,
py,log10,15,prep,oper,,
py,matrix,15,prep,type,,
py,ones,15,prep,,,
r,impute,15,prep,impu,,
r,is.numeric,15,prep,test,,
r,missmap,15,prep,impu,,
r,scale,15,prep,,,
do,bysort,14,prep,sys,,
do,cd,14,prep,sys,,
py,asarray,14,prep,type,,
py,save,14,prep,sys,,
py,sklearn.pipeline,14,prep,sys,,
r,install.packages,14,prep,sys,,
r,plyr,14,prep,,,
r,sqrt,14,prep,oper,,
r,which.max,14,prep,test,,
py,iteritems,13,prep,sys,,
py,to_numeric,13,prep,type,,
r,as.integer,13,prep,type,,
r,complete,13,prep,,,
r,exp,13,prep,oper,,
r,get,13,prep,sys,y,
do,impute,12,prep,impu,,
py,any,12,prep,test,,
py,iterrows,12,prep,sys,,
py,multiply,12,prep,oper,,
py,sqrt,12,prep,oper,,
r,pmax,12,prep,feat,,
r,within,12,prep,sys,,
r,colmeans,11,prep,summ,y,
r,do.call,11,prep,,,
r,log,11,prep,oper,,
r,which.min,11,prep,test,,
r,write_csv,11,prep,sys,,
do,close,10,prep,sys,,
py,count_nonzero,10,prep,,,
py,from_dict,10,prep,sys,,
py,get_dummies,10,prep,feat,,
py,os.path,10,prep,sys,,
r,doparallel,10,prep,sys,,
r,format,10,prep,,y,
r,intersect,10,prep,feat,,
r,ordered,10,prep,,,
r,registerdoparallel,10,prep,sys,,
r,remove,10,prep,sys,,
r,revalue,10,prep,,,recoding?
r,setdiff,10,prep,,,
r,typeof,10,prep,type,,
m,factor,9,prep,type,,
py,divide,9,prep,oper,,
py,float64,9,prep,type,,
py,getopt,9,prep,sys,,
py,seed,9,prep,sys,,
r,alpha,9,prep,oper,y,
r,expand.grid,9,prep,feat,,
m,fullfile,8,prep,sys,,
py,describe,8,prep,,,
py,ipython.core.interactiveshell,8,prep,sys,,
py,isfinite,8,prep,test,,
py,median,8,prep,oper,,
py,randn,8,prep,rand,,
py,round,8,prep,oper,,
r,beta,8,prep,oper,y,
r,bind_rows,8,prep,merg,,
r,boot,8,prep,impu,y,
r,mutate,8,prep,feat,,
r,n,8,prep,sys,,
r,preprocess,8,prep,,y,
r,diag,7,prep,subs,y,
r,gsub,7,prep,,,
r,rowsums,7,prep,summ,,
do,cf,6,prep,sys,,
m,find,6,prep,,,
m,TRUE,6,prep,test,,
py,all,6,prep,test,,
py,datetime,6,prep,type,,
py,double,6,prep,type,,
r,count,6,prep,summ,,
r,gamma,6,prep,oper,y,
r,hs.var.select,6,prep,feat,,
r,i,6,prep,sys,,
r,matrix,6,prep,,,
r,rfimpute,6,prep,impu,,
r,type,6,prep,type,,
r,unname,6,prep,,,
do,ge,5,prep,feat,,
do,generate,5,prep,feat,,
do,tab1,5,prep,summ,,
m,function,5,prep,sys,,
py,filter,5,prep,test,,
py,maximum,5,prep,oper,,
py,set_value,5,prep,sys,,
r,any,5,prep,test,,
r,as.list,5,prep,type,,
r,as.vector,5,prep,type,,
r,filter,5,prep,subs,,
r,map,5,prep,,,
r,nearzerovar,5,prep,feat,,
r,save.image,5,prep,sys,,
r,writelines,5,prep,sys,,
do,exp,4,prep,oper,,
m,fclose,4,prep,sys,,
m,fopen,4,prep,sys,,
m,for,4,prep,sys,,
m,repmat,4,prep,,,
m,textscan,4,prep,,,
m,tic,4,prep,sys,,
m,toc,4,prep,sys,,
py,diff,4,prep,oper,,
py,fancyimpute,4,prep,impu,,
py,rand,4,prep,rand,,
py,to_string,4,prep,sys,,
py,utilities,4,prep,sys,,
r,append,4,prep,merg,,
r,cat,4,prep,oper,,
r,ddply,4,prep,merg,,
r,domc,4,prep,sys,,
r,floor,4,prep,oper,,
r,foba,4,prep,feat,,
r,getwd,4,prep,sys,,
r,is.factor,4,prep,test,,
r,is.finite,4,prep,test,,
r,raw,4,prep,type,,
r,registerdomc,4,prep,sys,,
r,sink,4,prep,sys,,
r,str_detect,4,prep,,,
r,substr,4,prep,,,
r,sweep,4,prep,,y,
r,upper.tri,4,prep,feat,y,
do,append,3,prep,merg,,
do,round,3,prep,,,
m,any,3,prep,test,,
m,disp,3,prep,sys,,
m,isnan,3,prep,type,,
m,zeros,3,prep,,,
py,division,3,prep,oper,,
py,sklearn.feature_extraction.text,3,prep,feat,,
r,collapse,3,prep,merg,,
r,ends_with,3,prep,,,
r,factorial,3,prep,oper,,
r,fselector,3,prep,feat,,
r,inner_join,3,prep,merg,,
r,left_join,3,prep,merg,,
r,lower.tri,3,prep,feat,y,
r,mapvalues,3,prep,,,
r,melt,3,prep,matr,y,reshaping
r,nzv,3,prep,feat,,
r,one_of,3,prep,test,,
r,proc.time,3,prep,sys,,
r,read.table,3,prep,sys,,
r,rowmeans,3,prep,,,
r,seq_along,3,prep,,,
r,src,3,prep,sys,,
r,str_extract_all,3,prep,,,
r,system,3,prep,sys,,
r,trace,3,prep,,,
r,TRUE,3,prep,test,,
r,trycatch,3,prep,sys,,
do,substr,2,prep,,,
do,summ,2,prep,summ,,
m,cell,2,prep,sys,,
m,char,2,prep,type,,
m,csvwrite,2,prep,sys,,
m,length,2,prep,,,
m,line,2,prep,,,
m,size,2,prep,sys,,
m,sort,2,prep,,,distinguish sorting?
py,amax,2,prep,oper,,
py,ipython.display,2,prep,sys,,
py,logical_not,2,prep,oper,,
py,set_printoptions,2,prep,sys,,
r,abind,2,prep,merg,,
r,all.vars,2,prep,,,
r,createfolds,2,prep,subs,,
r,cvfolds,2,prep,subs,,
r,dummy.data.frame,2,prep,feat,,
r,findcorrelation,2,prep,feat,y,
r,foreach,2,prep,sys,,
r,formatc,2,prep,,y,
r,is.integer,2,prep,test,,
r,nchar,2,prep,,,
r,options,2,prep,sys,,
r,opts_chunk,2,prep,sys,,
r,pool,2,prep,impu,,
r,prop.table,2,prep,summ,,use this more above
r,rbind.fill,2,prep,merg,,
r,rmarkdown,2,prep,sys,,
r,row,2,prep,,,
r,sbfcontrol,2,prep,feat,,
r,spread,2,prep,,,
r,starts_with,2,prep,,,
r,substring,2,prep,,,
r,warning,2,prep,sys,,
r,write.table,2,prep,sys,,
do,date,1,prep,type,,
do,g,1,prep,feat,,
m,class,1,prep,sys,,
m,fgetl,1,prep,sys,,
m,setdiff,1,prep,,y,
py,amin,1,prep,oper,,
py,from_csv,1,prep,sys,,
py,ipython,1,prep,sys,,
py,preprocess.factorize,1,prep,feat,,
py,preprocess.impute,1,prep,impu,,
py,read_hdf,1,prep,sys,,
py,savez_compressed,1,prep,sys,,
py,set_option,1,prep,sys,,
py,shutil,1,prep,sys,,
py,sin,1,prep,oper,,
py,sklearn.dummy,1,prep,feat,,
py,string,1,prep,type,,
py,subprocess,1,prep,sys,,
py,timeit,1,prep,sys,,
py,to_sparse,1,prep,sys,,
py,util,1,prep,sys,,
r,aggr,1,prep,,y,
r,anti_join,1,prep,merg,,
r,aregimpute,1,prep,impu,y,
r,assertthat,1,prep,test,,
r,assign,1,prep,oper,,
r,attr,1,prep,oper,,
r,avg,1,prep,oper,y,
r,boruta,1,prep,feat,,
r,cbps,1,prep,feat,y,matching
r,ceiling,1,prep,oper,,
r,createdatapartition,1,prep,subs,,
r,dirname,1,prep,sys,,
r,dummies,1,prep,feat,,
r,gather,1,prep,merg,,
r,installed.packages,1,prep,sys,,
r,is.character,1,prep,test,,
r,japply,1,prep,,,
r,knnimputation,1,prep,impu,,
r,lmsbf,1,prep,feat,,
r,makeforkcluster,1,prep,sys,,
r,mapply,1,prep,,,
r,md.pattern,1,prep,impu,y,
r,memory.limit,1,prep,sys,,
r,message,1,prep,sys,,
r,mi,1,prep,feat,y,
r,missmda,1,prep,impu,,
r,object.size,1,prep,sys,,
r,p_load,1,prep,sys,,
r,parsapply,1,prep,sys,,
r,printcp,1,prep,sys,,
r,proc,1,prep,sys,,
r,quote,1,prep,,y,
r,read_dta,1,prep,sys,,
r,readrds,1,prep,sys,,
r,reduce,1,prep,,y,
r,render,1,prep,sys,,
r,resamples,1,prep,feat,y,
r,rfecontrol,1,prep,feat,,
r,sbf,1,prep,feat,,
r,seq_len,1,prep,,,
r,sprintf,1,prep,,,
r,stopcluster,1,prep,sys,,
r,stopifnot,1,prep,sys,,
r,stopimplicitcluster,1,prep,sys,,
r,str_extract,1,prep,,,
r,strsplit,1,prep,,,
r,suppressmessages,1,prep,sys,,
r,sys.date,1,prep,sys,,
r,tidy,1,prep,,,
r,write.amelia,1,prep,sys,,
r,xml,1,prep,sys,,
py,numpy,203,prep,pack,,
py,pandas,160,prep,pack,,
py,pd,155,prep,pack,,
py,sklearn,113,prep,pack,,
py,math,44,prep,pack,,
r,dplyr,17,prep,pack,,
r,readr,17,prep,pack,,
r,caret,15,prep,pack,,
r,dbarts,15,prep,pack,,
py,sklearn.externals,14,prep,pack,,
r,zelig,12,prep,pack,,
py,collections,11,prep,pack,,
r,stringr,9,prep,pack,,
py,sklearn_pandas,8,prep,pack,,
py,scipy,7,prep,pack,,
r,e1071,7,prep,pack,,
r,mass,7,prep,pack,,
r,arm,6,prep,pack,,
r,tidyr,6,prep,pack,,
py,__future__,5,prep,pack,,
py,sk,5,prep,pack,,
r,tidyverse,5,prep,pack,,
py,sklearn.base,4,prep,pack,,
py,sklearn.utils,4,prep,pack,,
r,hmisc,4,prep,pack,,
py,cpickle,3,prep,pack,,
py,nltk,3,prep,pack,,
py,sklearn.datasets,3,prep,pack,,
py,statsmodels.stats,3,prep,pack,,
r,cvtools,3,prep,pack,,
r,knitr,3,prep,pack,,
py,__version__,2,prep,pack,,
py,sklearn.calibration,2,prep,pack,,
py,zipfile,2,prep,pack,,
r,dmwr,2,prep,pack,,
r,elasticnet,2,prep,pack,,
r,foreign,2,prep,pack,,
r,gridextra,2,prep,pack,,
r,mlbench,2,prep,pack,,
r,partykit,2,prep,pack,,
py,json,1,prep,pack,,
py,pandas.core.missing,1,prep,pack,,
py,preprocess,1,prep,pack,,
py,scikit,1,prep,pack,,
py,sklearn.exceptions,1,prep,pack,,
py,sklearn.externals.six,1,prep,pack,,
py,sklearn.utils.extmath,1,prep,pack,,
py,statsmodels.api,1,prep,pack,,
py,statsmodels.regression.linear_model,1,prep,pack,,
r,broom,1,prep,pack,,
r,c50,1,prep,pack,,
r,car,1,prep,pack,,
r,caretensemble,1,prep,pack,,
r,caretlist,1,prep,pack,,
r,catools,1,prep,pack,,
r,daag,1,prep,pack,,
r,earth,1,prep,pack,,
r,effects,1,prep,pack,,
r,factoextra,1,prep,pack,,
r,factominer,1,prep,pack,,
r,gamboostlss,1,prep,pack,,
r,gamclass,1,prep,pack,,
r,gtable,1,prep,pack,,
r,haven,1,prep,pack,,
r,ipred,1,prep,pack,,
r,kernlab,1,prep,pack,,
r,klar,1,prep,pack,,
r,lattice,1,prep,pack,,
r,lme4,1,prep,pack,,
r,matrixstats,1,prep,pack,,
r,methods,1,prep,pack,,
r,mgcv,1,prep,pack,,
r,mumin,1,prep,pack,,
r,pacman,1,prep,pack,,
r,parallel,1,prep,pack,,
r,ranger,1,prep,pack,,
r,rann,1,prep,pack,,
r,reshape2,1,prep,pack,,
r,rweka,1,prep,pack,,
r,sjmisc,1,prep,pack,,
r,stats,1,prep,pack,,
r,stepplr,1,prep,pack,,
r,tarifx,1,prep,pack,,
r,tidytext,1,prep,pack,,
py,sklearn.linear_model,286,model,,,
r,summary,237,model,interp,,
do,predict,153,model,interp,,
py,sklearn.metrics,151,model,interp,,
py,sklearn.model_selection,110,model,interp,,selection different from interpretation?
r,cv.glmnet,110,model,,,
r,train,110,model,,,
do,logit,98,model,,,
py,sklearn.ensemble,94,model,,,
r,horseshoe,78,model,,y,
r,bayesglm,72,model,,,
do,r,68,model,interp,y,
do,regress,66,model,,,
r,glmnet,56,model,,,
py,sklearn.svm,52,model,,,
r,predict,49,model,interp,,
py,sklearn.tree,46,model,,,
r,prediction,40,model,interp,,
r,fit,38,model,,y,
do,reg,33,model,,,
py,sklearn.naive_bayes,33,model,,,
py,sklearn.neighbors,31,model,,,
r,randomforest,30,model,,,
r,performance,28,model,interp,,
r,importance,26,model,interp,,
r,coefficients,24,model,interp,,
r,s,23,model,,,
py,sklearn.decomposition,21,model,,,
py,sklearn.gaussian_process,19,model,,,
r,traincontrol,16,model,,,
py,sklearn.cross_validation,15,model,sele,y,
py,models,14,model,,,
r,rpart,14,model,,,
py,sklearn.neural_network,13,model,,,
r,cforest_unbiased,12,model,,,
do,probit,11,model,,,
r,caretmodelspec,10,model,,y,
py,xgboost,8,model,,,
r,ctree,8,model,,,
do,twoway,7,model,,y,this is anova right?
r,gam,7,model,,,
py,sklearn.kernel_ridge,6,model,,,
r,effect,5,model,interp,,
r,mlr,5,model,,,
r,twoclasssummary,5,model,interp,,
do,invlogit,4,model,,,
py,h2o,4,model,,,
py,sklearn.cluster,4,model,,,
py,sklearn.gaussian_process.kernels,4,model,,,
r,ctree_control,4,model,,,
r,family,4,model,,y,
r,rocr,4,model,interp,,
r,tune.control,4,model,,,
r,xgboost,4,model,,,
do,c,3,model,,y,
do,estimates,3,model,interp,,
py,predict,3,model,interp,,
py,sklearn.metrics.scorer,3,model,,,
py,svd,3,model,,,
r,cforest,3,model,,,
r,fitted,3,model,interp,,
r,gbm,3,model,,,
r,party,3,model,,,
r,predict.train,3,model,interp,,
r,proximity,3,model,,,
r,svm,3,model,,,
r,varimpplot,3,model,interp,,
py,h2o.estimators.gbm,2,model,,,
py,h2o.estimators.random_forest,2,model,,,
py,model_selection,2,model,interp,y,
py,scipy.optimize,2,model,,,
py,sklearn.discriminant_analysis,2,model,,,
py,sklearn.grid_search,2,model,sele,,
py,sklearn.mixture,2,model,,,
py,tensorflow,2,model,,,
py,tobit_regression,2,model,,,
r,betareg,2,model,,,
r,chol,2,model,,y,
r,knn,2,model,,,
r,nnet,2,model,,,
r,polywog,2,model,,,
r,solve,2,model,,y,
r,spikeslab,2,model,,,
r,tree,2,model,,,
r,tune.randomforest,2,model,,,
do,corr,1,model,,,
do,dydx,1,model,interp,,
do,logistic,1,model,,,
py,lime,1,model,interp,,
py,lime.lime_tabular,1,model,interp,,
py,lm,1,model,,,
py,models.neural_network,1,model,,,
py,models.neural_network.neural_network,1,model,,,
py,sklearn.kernel_approximation,1,model,,y,
py,sklearn.manifold,1,model,,y,
py,sklearn.random_projection,1,model,,,
py,sklearn.semi_supervised,1,model,,,
r,bootpolywog,1,model,,,
r,coef,1,model,interp,,
r,cubist,1,model,,,
r,cv.spikeslab,1,model,,,
r,cvgam,1,model,sele,,
r,cvlm,1,model,sele,,
r,gpls,1,model,,,
r,leaps,1,model,,,
r,lmer,1,model,,,
r,lmercontrol,1,model,,,
r,naivebayes,1,model,,,
r,optimx,1,model,,,
r,pls,1,model,,,
r,predict.gam,1,model,interp,,
r,predictors,1,model,interp,,
r,rms,1,model,interp,,
r,sbrl,1,model,,,
r,treebagfuncs,1,model,,,
r,tune,1,model,,y,
r,tune.rpart,1,model,,,
r,tune.svm,1,model,,,
r,varimp,1,model,interp,,
do,m,67,prep,merg,y,
py,size,53,prep,summ,y,
do,use,46,prep,sys,,
py,dump,42,prep,sys,,
py,replace,41,prep,feat,,
py,ix,39,prep,subs,,
do,la,38,prep,sys,,
py,_get_numeric_data,38,prep,subs,,
py,std,38,prep,oper,,
do,keep,37,prep,subs,,
py,savetxt,36,prep,sys,,
py,arange,35,prep,,,
py,select_dtypes,34,prep,subs,,
do,set,30,prep,sys,,
py,le,30,prep,oper,,
py,mask,28,prep,impu,y,
py,var,28,prep,oper,,
py,flatten,25,prep,,,
py,full,25,prep,,,
py,item,25,prep,,,
py,items,24,prep,,,
py,delete,23,prep,subs,,
py,value_counts,23,prep,summ,,
py,update,22,unkn,,y,
py,ravel,21,prep,,,
py,scipy.stats,21,prep,pack,,
py,nunique,20,prep,summ,,
py,pop,20,prep,,,
py,xs,20,prep,subs,,
py,e,19,prep,oper,y,
py,test,19,prep,test,,
py,in1d,18,prep,test,,
py,re,18,prep,pack,y,separate subcategory for regex/text
do,saveold,17,prep,sys,,
py,column_stack,17,prep,matr,y,
py,rename,17,prep,sys,,
py,sample,17,prep,subs,,
py,dtypes,16,prep,type,,
py,errors,16,model,interp,y,
py,series,16,prep,,,reshaping data/manipulating matrices
py,stats,16,prep,pack,,
do,alpha,13,prep,,y,could be cronbach's alpha?
py,sem,13,model,,,
do,local,12,prep,sys,,
py,axes,12,viz,,,
py,select,12,unkn,,y,
py,sort_index,12,prep,sort,,
py,squeeze,12,prep,subs,,
py,take,12,prep,subs,,
do,dec,11,prep,type,,
do,more,11,prep,sys,,
py,vstack,11,prep,matr,y,
py,warnings,11,prep,sys,,
r,control,11,model,,y,
r,q,11,prep,sys,y,
do,d,10,prep,,,
do,program,10,prep,sys,,
py,a2core,10,prep,sys,,
py,assign,10,prep,merg,,
py,core,10,prep,sys,,
py,inf,10,prep,oper,,
py,number,10,prep ,type,,
py,rec,10,prep,,y,
py,data,9,prep,,y,
py,info,9,prep,sys,,
py,reset_index,9,prep,,,
do,destring,8,prep,type,,
do,max,8,prep,oper,,
do,min,8,prep,oper,,
do,n,8,prep,summ,,
py,fromarrays,8,prep ,,,
py,logspace,8,prep,oper,,
py,pdb,8,prep,sys,,
py,sub,8,prep,,,text
py,tail,8,prep,subs,,
do,egen,7,prep,summ,,
py,clip,7,prep,subs,,
py,hstack,7,prep,,,
py,sp,7,prep,sys,,
py,square,7,prep,oper,,
r,prod,7,prep,oper,,
do,e,6,model,interp,,
do,su,6,prep,summ,,
py,a2models,6,unkn,,y,
py,compress,6,prep,subs,,
py,empty,6,prep,test,,
py,factorize,6,model,,,
py,feature_selection,6,prep,feat,,
py,glob,6,prep,sys,,
py,insert,6,prep,feat,,
py,itertools,6,prep,pack,,
py,logging,6,prep,pack,,
py,outer,6,prep,oper,,
py,power,6,prep,oper,,
py,resample,6,prep,subs,,
py,sns,6,viz,,,
py,uniform,6,prep,oper,,
do,di,5,prep,sys,,
py,argwhere,5,prep,test,,
py,groupby,5,prep,test,,
py,match,5,prep,,,text
py,rate,5,unkn,,y,
r,close,5,unkn,,y,
py,argmin,4,prep,oper,,
py,bool_,4,prep,type,,
py,convert_objects,4,prep,type,,
py,cumsum,4,prep,oper,,
py,fill,4,prep,,,working w. matrices
py,get,4,prep,,,
py,log,4,prep,oper,,
py,mask_data,4,prep,impu,,
py,newaxis,4,prep,,,working w. matrices
py,positive,4,prep,test,,
py,st,4,unkn,,y,
r,z,4,unkn,,y,
do,est,3,model,interp,,
do,file,3,prep,sys,,
do,nbreg,3,model,,,
do,sort,3,prep,,,sorting
do,ta,3,prep,summ,,
py,api,3,unkn,,y,
py,cut,3,prep,subs,,
py,dill,3,prep,sys,,
py,floor,3,prep,oper,,
py,imblearn,3,prep,feat,,
py,int64,3,prep,type,,
py,lt,3,prep,sys,,
py,sklearn.cross_decomposition,1,model,,,
py,sklearn.multioutput,1,model,,,
r,langcog,1,unkn,,y,
r,modelcor,1,model,interp,y,
r,stderr,1,model,interp,y,
do,hist,2,viz,,,
r,gc,1,unkn,,y,
do,pca,2,model,,,
py,missingdatascript,3,unkn,,y,
py,seterr,3,prep ,sys,,
py,vectorize,3,prep ,,,
do,display,2,prep,sys,,
do,else,2,prep,sys,,
do,ins,2,unkn,,y,
do,prob,2,model,interp,y,
py,ceil,2,prep,oper,,
do,ratio,2,model,,,
do,run,2,prep,sys,,
do,syntax,2,prep,sys,,
py,equal,2,prep,test,,
py,_selection,2,prep,subs,,
py,gt,2,prep,test,,
py,keras,2,prep,pack,,
py,apply_along_axis,2,prep,oper,,
py,argpartition,2,prep,subs,,
py,data_proc_fn,2,unkn,,y,
py,disp,2,prep,sys,,
py,dp,2,unkn,,y,
py,finfo,2,prep,type,,
py,keras.callbacks,2,prep,pack,,
py,keras.layers,2,prep,pack,,
py,percentile,2,prep,subs,y,
py,keras.models,2,prep,pack,,
py,keras.wrappers.scikit_learn,2,prep,pack,,
py,linspace,2,prep,matr,,
py,log1p,2,prep,feat,,
py,minepy,2,model,,,
py,numpy.random,2,prep,rand,,
py,pi,2,prep,sys,,
py,pl,2,unkn,,y,
py,print_function,2,prep,sys,,
py,tofile,2,prep,sys,,
py,product,2,prep ,oper,,
py,pylab,2,viz,,,
py,scipy.special,2,prep,pack,,
py,style,2,unkn,,y,
py,xg,2,model,,,
py,xgb,2,model,,,
py,subtract,2,prep,oper,,
py,tf,2,prep,pack,,
py,tqdm,2,prep,sys,,
py,unicodedata,2,prep,type,,
py,view,2,prep,sys,,
py,who,2,unkn,,y,
do,exit,1,prep,sys,,
do,help,1,prep,sys,,
do,tokenize,1,prep,feat,,
do,macro,1,prep,sys,,
do,mata,1,prep,sys,,
do,matrix,1,prep,matr,,
do,on,1,unkn,,y,
do,qui,1,prep,sys,,
py,applymap,1,prep,sys,,
py,bool,1,prep,type,,
py,classifier,1,model,,,
py,clf,1,viz,,,
py,clip_lower,1,prep,subs,,
py,contextlib,1,prep,pack,,
py,cos,1,prep,oper,,
do,se,1,model,interp,,
py,data_access,1,prep,pack,,
py,data_import,1,prep,pack,,
py,data_postprocess,1,prep,pack,,
py,decomp,1,model,,,
py,etl,1,prep,sys,,
do,two,1,unkn,,y,
py,general_f,1,prep,pack,,
py,general_functions,1,prep,pack,,
do,update,1,prep,sys,,
py,gzip,1,prep,sys,,
py,helper_functions,1,prep,pack,,
do,version,1,prep,sys,,
py,analysiscode,1,unkn,,y,
py,idxmin,1,prep,test,,
py,ancd,1,unkn,,y,
py,cycle,1,prep,sys,,control flow
py,gc,1,prep,sys,,
py,gridspec,1,viz,,,
py,index,1,prep,subs,,
py,keras.utils.vis_utils,1,viz,,,
py,hf,1,unkn,,y,
py,hw2_utils,1,unkn,,y,
py,imblearn.metrics,1,prep,pack,,
py,operator,1,prep,oper,,
py,partition,1,prep,subs,,
py,imblearn.over_sampling,1,prep,subs,,
py,imblearn.under_sampling,1,prep,subs,,
py,importing_modules,1,prep,sys,,
py,masdarff_funcs,1,unkn,,y,
py,query,1,prep,,,
py,regr,1,model,,,
py,regressor,1,model,,,
py,regressors,1,model,,,
py,multiprocessing,1,prep,pack,,
py,reset_option,1,prep,sys,,
py,scipy.sparse,1,prep,feat,,
py,nan_to_num,1,prep,type,,
py,pm,1,prep,sys,,
py,postprocess,1,model,interp,,
py,prediction_models,1,model,,,
py,predictor,1,model,interp,,
py,reporting,1,prep ,,,
py,selection,1,prep,feat,,
py,setdiff1d,1,prep,feat,,
py,sm,1,unkn,,y,
py,statistics,1,prep,pack,,
py,tables,1,prep ,,,